<?xml version="1.0" encoding="UTF-8"?>
<!DOCTYPE struts-config PUBLIC "-//Apache Software Foundation//DTD Struts 
Configuration 1.3//EN" "http://struts.apache.org/dtds/struts-config_1_3.dtd">
<struts-config>



	<form-beans>
		<form-bean name="DangNhapForm" type="form.DangNhapForm"></form-bean>
		<form-bean name="NhanVienForm" type="form.NhanVienForm"></form-bean>
		<form-bean name="QuanLyNhanVienForm" type="form.QuanLyNhanVienForm"></form-bean>
		
		<form-bean name="fileUploadForm" type="form.FileUploadForm"></form-bean>
		
		<form-bean name="ajaxForm" type="form.AjaxForm"/>
        <form-bean name="quanHuyenForm" type="form.QuanHuyenForm"/>
		<form-bean name="phuongXaForm" type="form.PhuongXaForm"/>
	</form-beans>
	
	
	
	
	
	
	
	
	
	
	
	<action-mappings>
		<action input="/dangNhap.jsp" name="DangNhapForm"
			path="/dangNhap" scope="request" type="action.DangNhapAction">
			<forward name="trangNhanVien" path="/bangDieuKhien.jsp"
				redirect="true" />
			<forward name="thatBai" path="/dangNhap.jsp" />
			<forward
				name="trangAdmin" path="/bangDieuKhien.jsp" redirect="true">
			</forward>
		</action>
		<action input="/dangNhap.jsp" name="danhSachSinhVienForm"
			path="/danh-sach" scope="request" type="action.DanhSachSinhVienAction">
			<forward name="dsSinhVien" path="/danhSachSinhVien.jsp" />
		</action>
		<action input="/themSinhVien.jsp" name="sinhVienForm"
			path="/themSV" scope="request" type="action.ThemSinhVienAction" validate="true">
			<forward name="themSV" path="/themSinhVien.jsp" />
			<forward name="themSVerror" path="/themSinhVien.jsp" />
			<forward name="themSVxong" path="/danh-sach.do" redirect="true"/>
		</action>
		<action input="/suaSinhVien.jsp" name="sinhVienForm"
			path="/suaSV" scope="request" type="action.SuaSinhVienAction">
			<forward name="suaSV" path="/suaSinhVien.jsp" />
			<forward name="suaSVxong" path="/danh-sach.do" redirect="true" />
		</action>
		<action input="/dangNhap.jsp" name="sinhVienForm"
			path="/xoaSV" scope="request" type="action.XoaSinhVienAction">
			<forward name="xoaSV" path="/xoaSinhVien.jsp" />
			<forward name="xoaSVxong" path="/danh-sach.do" redirect="true"/>
		</action>
		
		
		
<!-- ==================action-mappings: NhanVien===============	  -->
<!-- 		them -->
		<action input="/quanLiNhanVien.jsp" name="NhanVienForm"
			path="/themNV" scope="request" type="action.ThemNhanVienAction">
			<forward name="success" path="/quanLiNhanVien.jsp" />
			
		</action>

<!-- lietke -->
		<action input="/quanLiNhanVien.jsp" 
			path="/quanLiNhanVien"
			scope="request" 
			type="action.DanhSachNhanVienAction" 
			name="QuanLyNhanVienForm">
			<forward name="success" path="/quanLiNhanVien.jsp" />
		</action>
<!-- 	chi tiet 1 nhan vien	 -->
		<action input="/thongTinChiTietNhanVien.jsp" 
			path="/thongTinChiTietNhanVien"
			scope="request" 
			type="action.ChiTietNhanVienAction" 
			name="QuanLyNhanVienForm">
			<forward name="success" path="/thongTinChiTietNhanVien.jsp" />
		</action>
		
		
<!-- 		xoa nhan vien -->		
<!-- 		neu xoa nhanVien nam trong action ChitietNhanVienAction -->
<!-- 		<action input="/thongTinChiTietNhanVien.jsp"  -->
<!-- 			path="/XoaNhanVien" -->
<!-- 			scope="request"  -->
<!-- 			type="action.XoaNhanVienAction"  -->
<!-- 			name="QuanLyNhanVienForm"> -->
<!-- 			<forward name="success" path="/thongTinChiTietNhanVien.jsp" /> -->
<!-- 		</action> -->
		<action input="/thongTinChiTietNhanVien.jsp"
			path="/XoaNhanVien"
			scope="request" 
			type="action.XoaNhanVienAction" 
			name="QuanLyNhanVienForm">
			<forward name="success" path="/thongTinChiTietNhanVien.jsp" />
		</action>

<!-- sua nhan vien			 -->
		<action input="/suaThongTinNhanVien.jsp"
			path="/SuaNhanVien"
			scope="request" 
			type="action.SuaNhanVienAction" 
			name="NhanVienForm">
			<forward name="success" path="/suaThongTinNhanVien.jsp" />
		</action>
		
		
		
<!-- 		<action input="/suaThongTinNhanVien.jsp" -->
<!-- 			path="/SuaNhanVien" -->
<!-- 			scope="request"  -->
<!-- 			type="action.DiaChiAction"  -->
<!-- 			name="DiaChiForm"> -->
<!-- 			<forward name="success" path="/suaThongTinNhanVien.jsp" /> -->
<!-- 		</action> -->
<!--  ===================- ending action-mappings NhanVien=============== -->


<!-- upload -->
		<action
			path="/UploadPage"
			type="action.FileUploadAction"
			parameter="/fileupload.jsp"/>
		<action
			path="/Upload"
			scope="request" 
			type="action.FileUploadAction"
			name="fileUploadForm"
			input="/fileupload.jsp"
			>
			<forward name="success" path="/display.jsp" redirect="true"/>
		</action>
		
		
		
<!-- diachi -->
<action name="ajaxForm" path="/AjaxSubmit" input="/AjaxExample.jsp"
	    type="action.AjaxAction"/>
	    <action name="quanHuyenForm" path="/TinhThanh" input="/TestAjax.jsp"
	    type="action.QuanHuyenAction"/>
	    <action name="phuongXaForm" path="/QuanHuyen" input="/TestAjax.jsp"
	    type="action.PhuongXaAction"/>
		
	</action-mappings>
	
	<message-resources parameter="action.ApplicationResources" />
	
</struts-config>
